ciqticker,SP_COMPANY_NAME,ownership_score,insider_activity_score,final_score
SGX:8AZ,Aztech Global Ltd.,8.915041200012624,10.0,10.0
SGX:5CP,Silverlake Axis Ltd.,9.766180807240607,7.663471641943836,9.188948789111556
SEHK:6993,Blue Moon Group Holdings Limited,9.652670134675704,7.6488104615017605,9.118964459066529
NSEI:PDSL,PDS Limited,9.413537840169552,7.645357193942635,8.986508013743784
IDX:HEAL,PT Medikaloka Hermina Tbk,8.045342480001846,8.945873673162806,8.949554025561584
SEHK:2232,Crystal International Group Limited,9.290914570781734,7.648770080520809,8.921416821101904
SET:NSL,NSL Foods Public Company Limited,9.205831774257488,7.6275736709647095,8.863386303006443
IDX:CMRY,PT Cisarua Mountain Dairy Tbk,9.416568427126412,7.349364576148721,8.826545034542377
SET:SAPPE,Sappe Public Company Limited,9.018205681950704,7.64877008052081,8.772512452206469
SET:PRINC,Principal Capital Public Company Limited,8.872813984119137,7.724377987081116,8.734409141958976
SEHK:1286,Impro Precision Industries Limited,8.603234172790273,7.896103588863819,8.68097883618973
SET:SAK,Saksiam Leasing Public Company Limited,8.796990258999235,7.6747099573789,8.665888197762886
NSEI:KOLTEPATIL,Kolte-Patil Developers Limited,8.785898233394843,7.648847886018042,8.645710540517102
SET:SISB,SISB Public Company Limited,8.716823077823381,7.651875527942671,8.609647310679414
SEHK:1361,361 Degrees International Limited,8.256025551391694,7.648770080520809,8.356347244640206
SEHK:2128,China Lesso Group Holdings Limited,8.145016004605605,7.7175619659316625,8.333295578630098
NSEI:SIS,SIS Limited,8.07960687477258,7.648418944816569,8.259827481545567
PSE:UPSON,Upson International Corp.,10.0,5.675172812194697,8.230968709306673
SEHK:3306,JNBY Design Limited,7.72330086948126,7.646363085620377,8.064154918408956
SEHK:179,Johnson Electric Holdings Limited,7.476431260559125,7.6905689977978104,7.953496589701219
SET:PRTR,PRTR Group Public Company Limited,7.424056965369282,7.7075290227780755,7.934159707878064
NYSE:MNSO,MINISO Group Holding Limited,7.432110899201631,7.6138195396542505,7.887390108382017
SEHK:1999,Man Wah Holdings Limited,7.287215823831253,7.714268031628135,7.863121407502546
SET:SNNP,Srinanaporn Marketing Public Company Limited,7.216953192955794,7.72274082673901,7.829382952778474
SEHK:839,China Education Group Holdings Limited,7.036553358123834,7.834672579409716,7.791998045350614
SEHK:2138,EC Healthcare,7.21905264361765,7.648481644942568,7.789982333054203
SET:AUCT,Union Auction Public Company Limited,6.972599314754556,7.64877008052081,7.655571503117872
SET:MEGA,Mega Lifesciences Public Company Limited,6.956974404924514,7.64877008052081,7.6470399977926755
SET:TOG,Thai Optical Group Public Company Limited,6.581670613868767,7.692710356510284,7.466109059687141
NSEI:NEWGEN,Newgen Software Technologies Limited,6.607127262117304,7.646493472923521,7.454773566537613
KOSDAQ:A257720,"SILICON2 Co., Ltd.",6.433550537412532,7.647188876680885,7.3603769955280285
SEHK:6186,China Feihe Limited,6.387086487668208,7.688889718650387,7.357776191239368
NSEI:ROUTE,Route Mobile Limited,6.143139737860734,7.64877008052081,7.20267040645367
SEHK:3315,Goldpac Group Limited,6.072061314458651,7.64877008052081,7.163860201828006
SET:PSP,P.S.P. Specialties Public Company Limited,6.009204296489058,7.64877008052081,7.12953904481867
SET:EKH,Ekachai Medical Care Public Company Limited,5.9540400899547885,7.6759693132632,7.114269624039953
NasdaqGM:YI,"111, Inc.",5.965351514168335,7.648966947898206,7.1057020643261986
NSEI:MARKSANS,Marksans Pharma Limited,5.855466062472592,7.652301974176391,7.047523455186061
HOSE:TVS,Thien Viet Securities Joint Stock Company,5.809178941784011,7.6752519191773505,7.034780902376496
SET:BOL,Business Online Public Company Limited,5.787725792118901,7.671574662643404,7.021059210754354
SEHK:1268,China MeiDong Auto Holdings Limited,5.739172371776174,7.652242844882851,6.983992547542843
BSE:533552,Rupa & Company Limited,5.736477056402811,7.648248891852705,6.980340076608484
SET:MINT,Minor International Public Company Limited,5.142199720054484,8.159254907202008,6.934872312233075
SET:UTP,United Paper Public Company Limited,5.635821750646357,7.64764339346508,6.925049703788032
PSE:SM,SM Investments Corporation,5.617005705532193,7.647309529283263,6.914593480045764
SET:TOA,TOA Paint (Thailand) Public Company Limited,5.546300471585668,7.64877008052081,6.876784533581487
SET:ILM,Index Living Mall Public Company Limited,5.503721941857506,7.648798924078635,6.853551575561483
SEHK:2163,"Changsha Broad Homes Industrial Group Co., Ltd.",5.587800403858883,7.502173418967967,6.819399670867847
KOSDAQ:A129890,"Abko Co., Ltd.",5.415022758245897,7.640440039388497,6.8005559784299345
SEHK:2279,"Yonghe Medical Group Co., Ltd.",5.403959670182353,7.64877008052081,6.799063681533412
SEHK:777,NetDragon Websoft Holdings Limited,5.445213998142472,7.501496955332849,6.741175351747263
SHSE:603589,"Anhui Kouzi Distillery Co., Ltd.",5.262696079518361,7.64877008052081,6.721931007545811
IDX:GOOD,PT Garudafood Putra Putri Jaya Tbk,5.105001988087993,7.617892042345421,6.6189669491662855
SGX:I07,ISDN Holdings Limited,4.924382229351545,7.6667729053954075,6.547034944290095
SEHK:818,Hi Sun Technology (China) Limited,4.934193441125494,7.648770080520811,6.542562163867661
SET:SUSCO,Susco Public Company Limited,4.815208431332977,7.672255947479212,6.490417770427738
BSE:532482,Granules India Limited,4.812994737680421,7.654265636382177,6.479385990021555
SEHK:856,VSTECS Holdings Limited,4.771455315268174,7.64877008052081,6.453703975086639
IDX:ARNA,PT Arwana Citramulia Tbk,4.741328386160485,7.662868234714153,6.444951951553344
NSEI:HERITGFOOD,Heritage Foods Limited,4.69787579775697,7.701863615857749,6.442518229510328
SET:III,Triple i Logistics Public Company Limited,4.826107727890758,7.543753257885868,6.42620402552567
PSE:SSI,"SSI Group, Inc.",4.554645272764361,7.749183158374398,6.390148963598455
SET:SJWD,SCGJWD Logistics Public Company Limited,4.614108494902757,7.650043523598752,6.368484868932859
SET:SPALI,Supalai Public Company Limited,4.491711231695103,7.678090133920325,6.316967573390729
SET:SCC,The Siam Cement Public Company Limited,4.421714121137972,7.64877008052081,6.26273846599771
KOSDAQ:A084370,"Eugene Technology Co.,Ltd.",4.394758977858222,7.64877008052081,6.248020432362055
SET:RS,RS Public Company Limited,4.300497530503506,7.641511146350478,6.1925883252319585
SEHK:425,Minth Group Limited,4.279293335577682,7.649297917628995,6.185262150390466
SET:WHA,WHA Corporation Public Company Limited,4.214215318561294,7.6487700805208085,6.149440075260681
SET:TC,Tropical Canning (Thailand) Public Company Limited,4.061007898268562,7.6684223502087905,6.076516359796983
BSE:533080,Mold-Tek Packaging Limited,4.070680940520561,7.64507815703771,6.069051644919496
NSEI:TRIVENI,Triveni Engineering & Industries Limited,4.01471856877204,7.588290298433659,6.007487821439333
KOSDAQ:A243840,"Shin Heung Energy & Electronics Co.,Ltd.",3.873027197830732,7.64877181113428,5.963145655911646
NSEI:PERSISTENT,Persistent Systems Limited,3.8173776753272084,7.645607920895556,5.9310323861736824
IDX:MYOR,PT Mayora Indah Tbk,3.8006612257345864,7.6497059097544176,5.924142460656231
NSEI:AARTIPHARM,Aarti Pharmalabs Limited,3.7423324967886153,7.649609205958101,5.892241035560685
SEHK:3669,China Yongda Automobiles Services Holdings Limited,3.7813438915653346,7.570540582989859,5.870369008179667
IDX:DEPO,PT Caturkarda Depo Bangunan Tbk,3.7016789829796752,7.64877008052081,5.869585245765017
KOSE:A383220,"F&F Co., Ltd",3.6942487528579644,7.64877008052081,5.865528195289825
NSEI:AJANTPHARM,Ajanta Pharma Limited,3.7646357894745437,7.555801255254399,5.8531980985267635
KOSDAQ:A215200,MegaStudyEdu Co. Ltd,3.642901044175551,7.648957758340684,5.8375938212365535
SEHK:861,Digital China Holdings Limited,3.497229989071092,7.650966517449128,5.759151407382526
SET:SCB,SCB X Public Company Limited,3.4154307889696596,7.64877008052081,5.7132881523361005
KOSE:A298050,Hyosung Advanced Materials Corporation,3.298483472867764,7.648758646934489,5.649426395266957
SET:TU,Thai Union Group Public Company Limited,3.709592853419833,7.180444904514722,5.618191698669835
NSEI:PAYTM,One97 Communications Limited,2.8781460067052387,7.934905822006804,5.576155880718152
KOSE:A145720,"Dentium CO., LTD",3.163953864009987,7.64877008052081,5.575976849564131
SET:RAM,Ramkhamhaeng Hospital Public Company Limited,3.0905891224351856,7.698205198493595,5.562910808645415
SEHK:806,Value Partners Group Limited,3.134825637391464,7.64877008052081,5.560072270068147
SET:MEB,MEB Corporation Public Company Limited,3.107847502783309,7.64877008052081,5.545341682719041
SZSE:002439,Venustech Group Inc.,3.1105790500120185,7.644107610255727,5.544287361103969
SET:KISS,Rojukiss International Public Company Limited,3.079367158643295,7.64877008052081,5.529790859684735
KOSDAQ:A298540,"The Nature Holdings Co., Ltd.",3.064227739878472,7.648902247471473,5.521596607675489
HOSE:PNJ,Phu Nhuan Jewelry Joint Stock Company,3.057746745864654,7.648060991937437,5.517598516698362
HOSE:DGC,Duc Giang Chemicals Group Joint Stock Company,3.050382273963673,7.64877008052081,5.513964547681386
SET:KCG,KCG Corporation Public Company Limited,2.953997571918877,7.64877008052081,5.46133662165127
SEHK:3600,Modern Dental Group Limited,2.9485206335501375,7.64877008052081,5.4583461065464185
SET:AAV,Asia Aviation Public Company Limited,2.904200984555628,7.648770080520809,5.434146714324613
HOSE:NLG,Nam Long Investment Corporation,2.9348385327927593,7.612226391697029,5.430921846442849
IDX:BMHS,PT Bundamedik Tbk,2.8707777933339482,7.64877008052081,5.415897000438612
PSE:RRHI,"Robinsons Retail Holdings, Inc.",2.806625864634517,7.64877008052081,5.380868796930613
SET:GGC,Global Green Chemicals Public Company Limited,2.7180159496623633,7.688889017751938,5.354391777906404
HOSE:HSG,Hoa Sen Group,2.7522262914518447,7.649842189796426,5.351750962187814
HOSE:PTB,Phu Tai Joint Stock Company,2.6607127888894,7.646226844517171,5.299808757031475
NSEI:SJS,S.J.S. Enterprises Limited,2.6347332864482618,7.649875583425498,5.287615724875246
SEHK:3888,Kingsoft Corporation Limited,2.650051544459913,7.634348301608682,5.287501593803371
KOSDAQ:A215000,"GOLFZON Co., Ltd.",2.5956344956901267,7.648758049872843,5.265656827912035
SET:SIS,SiS Distribution (Thailand) Public Company Limited,2.670184723303872,7.570892474395315,5.263846583356232
TWSE:6412,"Chicony Power Technology Co., Ltd.",2.47976265463688,7.722302111897969,5.2425450355170575
NSEI:METROPOLIS,Metropolis Healthcare Limited,2.551450440653515,7.648770495868044,5.24153826839019
IDX:MTDL,PT Metrodata Electronics Tbk,3.3135931844882283,6.860786290301614,5.227428326587446
SEHK:698,Tongda Group Holdings Limited,2.4995800404835227,7.64877008052081,5.213215792060972
NSEI:QUESS,Quess Corp Limited,2.461645252461259,7.650500693990266,5.193447607069737
HOSE:MWG,Mobile World Investment Corporation,2.461915062723251,7.642544342782234,5.189250605888494
SET:PM,Premier Marketing Public Company Limited,2.266102451492231,7.7958722254245245,5.166053115974192
IDX:MCAS,PT M Cash Integrasi Tbk,2.435874432602266,7.625462755185342,5.165705034483851
IDX:ASSA,PT Adi Sarana Armada Tbk,2.398517190121,7.654275594620516,5.161039623874684
BSE:500252,Lakshmi Machine Works Limited,2.399135654531378,7.648856611194283,5.158418446921155
HOSE:VIB,Vietnam International Commercial Joint Stock Bank,2.843723756983171,7.17744431207862,5.143771912690158
BSE:531548,Somany Ceramics Limited,2.3629256630483377,7.64877008052081,5.138599838338274
SET:TWPC,Thai Wah Public Company Limited,2.324624685332795,7.64877008052081,5.1176867579496665
SET:FSMART,Forth Smart Service Public Company Limited,2.269743386003033,7.679055816236281,5.1042571008038635
NYSE:SE,Sea Limited,2.2786313937486824,7.64877008052081,5.092573524251591
KOSDAQ:A080160,Modetour Network Inc.,2.2394302798126047,7.648007950076775,5.070752813863519
NSEI:AUROPHARMA,Aurobindo Pharma Limited,2.236476128305264,7.648941699689865,5.06964963504794
BSE:500338,Prism Johnson Limited,2.2188332484179605,7.64877008052081,5.059922571326086
SGX:558,UMS Holdings Limited,2.226329814111689,7.640117301609112,5.05929125637237
SEHK:1836,Stella International Holdings Limited,2.1799456138356996,7.671482940129522,5.051090828914659
TWSE:2360,Chroma ATE Inc.,2.185654803762441,7.662326688262933,5.049208665905978
NSEI:360ONE,360 One Wam Limited,2.22761828173252,7.604760176182749,5.040689105150264
SEHK:384,China Gas Holdings Limited,2.1135548134684043,7.656955882231335,5.006908101065046
IDX:MDKA,PT Merdeka Copper Gold Tbk,2.0804591373853962,7.650906522848851,4.985534148692742
HOSE:FPT,FPT Corporation,2.0715941790943955,7.649561541978797,4.979959322900466
PSE:SMPH,"SM Prime Holdings, Inc.",2.374430008601654,7.33978472779193,4.9761694099729485
SEHK:1830,Perfect Medical Health Management Limited,2.030242003691221,7.654221512949595,4.959924664082395
SEHK:1448,Fu Shou Yuan International Group Limited,1.9759838485873362,7.64877008052081,4.92732206544078
IDX:CSAP,PT Catur Sentosa Adiprana Tbk,1.66476966634406,7.954606380137115,4.924385636701711
KOSDAQ:A228670,"Ray Co., Ltd.",1.9460466238699223,7.648439247796921,4.910795116098177
BSE:509820,Huhtamaki India Limited,1.9107549267744048,7.654969375927752,4.895090738828015
BSE:502219,Borosil Renewables Limited,1.8944979705141543,7.648726447428712,4.882805363185646
TPEX:3105,WIN Semiconductors Corp.,1.9187067396991844,7.619042646479298,4.879815889123936
HOSE:AGG,An Gia Real Estate Investment and Development Corporation,1.8466781659232345,7.64877008052081,4.856718642302559
TWSE:9938,Taiwan Paiho Limited,1.840638301977826,7.6492820536721915,4.853700306180344
BSE:530019,Jubilant Pharmova Limited,1.8156218342546468,7.648229263811606,4.839465983402226
KLSE:ITMAX,ITMAX System Berhad,2.0962176170305415,7.337716249539187,4.823130591863709
NSEI:TIMETECHNO,Time Technoplast Limited,1.7733195491348956,7.638938600965556,4.811295228172232
TWSE:4927,"Apex International Co., Ltd.",1.7606916260369612,7.64877008052081,4.809768315490142
SEHK:354,Chinasoft International Limited,1.7260749001017457,7.657405841733393,4.79558220233519
KOSDAQ:A039840,DIO Corporation,1.7227237362364487,7.6485940771309675,4.78894100631415
SET:AMATAV,Amata VN Public Company Limited,1.7076439881073746,7.651302256462202,4.782185888606088
KOSDAQ:A043150,"Value Added Technology Co., Ltd.",1.7013006134575153,7.648769215214076,4.777339192508251
SET:AAI,Asian Alliance International Public Company Limited,1.610316017199154,7.73653713309972,4.7755828234178175
KOSE:A013890,"Zinus, Inc",1.6979288937532024,7.648809535623559,4.775520183558225
SGX:V03,Venture Corporation Limited,1.6700437212932193,7.64857827086128,4.7601680607942205
HOSE:KDH,Khang Dien House Trading and Investment Joint Stock Company,1.6537141176222008,7.664035077771085,4.759691496750197
IDX:AVIA,PT Avia Avian Tbk,1.5884451832924398,7.727123172697028,4.758500715927174
NSEI:KPITTECH,KPIT Technologies Limited,1.658008548235909,7.64381220174738,4.750994255081882
SEHK:538,Ajisen (China) Holdings Limited,1.6483367464229917,7.64877008052081,4.748420361219363
SGX:QC7,Q & M Dental Group (Singapore) Limited,1.603645732053034,7.655144751970213,4.727498891129324
SET:AEONTS,AEON Thana Sinsap (Thailand) Public Company Limited,1.6039111103482178,7.65309661419445,4.726525469703693
HOSE:HDB,Ho Chi Minh City Development Joint Stock Commercial Bank,1.593544170384148,7.650964491189191,4.719700737692903
HOSE:HDG,Ha Do Group Joint Stock Company,1.601313885501039,7.638104742361924,4.716921480072997
SET:ERW,The Erawan Group Public Company Limited,1.5566251130181215,7.642668802734246,4.69501260515678
NSEI:EQUITASBNK,Equitas Small Finance Bank Limited,1.3797408402966143,7.812547904843046,4.6911876454586885
NSEI:APLLTD,Alembic Pharmaceuticals Limited,1.525819371617842,7.649595943690214,4.6819744238767065
NSEI:KARURVYSYA,The Karur Vysya Bank Limited,1.5851300445663188,7.58415188965504,4.6786254782525845
SET:BANPU,Banpu Public Company Limited,1.3507008011725326,7.813845491421063,4.676039725617532
SET:CPN,Central Pattana Public Company Limited,1.4976330138027067,7.64877008052081,4.66613318571804
TWSE:9904,Pou Chen Corporation,1.489693373938725,7.6491297221902546,4.66199435895583
PSE:SEVN,Philippine Seven Corporation,1.541347484940741,7.572899227434313,4.648575174387638
KLSE:CAPITALA,Capital A Berhad,1.4884603605695088,7.625262580894041,4.6482891852607064
BSE:524164,IOL Chemicals and Pharmaceuticals Limited,1.4503412925838226,7.64877008052081,4.6403109841306165
BSE:512179,Sunteck Realty Limited,1.4273555560717144,7.648817190703805,4.627786047039251
NSEI:GOKEX,Gokaldas Exports Limited,1.4380515661200362,7.625303215698303,4.620787188327114
IDX:AKRA,PT AKR Corporindo Tbk,1.1720896825418365,7.8702180821122285,4.609295106710663
PSE:CIC,Concepcion Industrial Corporation,1.3833844913005153,7.64877008052081,4.603751265519739
PSE:PIZZA,"Shakey's Pizza Asia Ventures, Inc.",1.3722022855553286,7.64877008052081,4.5976455632212785
HOSE:SCS,Saigon Cargo Service Corporation,1.3493539845518987,7.652204715141585,4.58704532296858
HOSE:STB,Saigon Thuong Tin Commercial Joint Stock Bank,1.336152563111321,7.64877008052081,4.5779617120920015
PSE:CNVRG,"Converge Information and Communications Technology Solutions, Inc.",1.332287744467243,7.648770945827545,4.575851918254314
NSEI:GLENMARK,Glenmark Pharmaceuticals Limited,1.3282345151543051,7.649347946780041,4.573953829811481
SEHK:1368,Xtep International Holdings Limited,1.2847258410485458,7.671256518200602,4.56215975271996
SEHK:1910,Samsonite International S.A.,1.2998307406051814,7.655602395396077,4.5618598661212495
SEHK:1137,Hong Kong Technology Venture Company Limited,1.303398014249567,7.64877008052081,4.560077089967579
NSEI:ESCORTS,Escorts Kubota Limited,1.2954278012460454,7.648597019173865,4.555630703444953
NSEI:INDOSTAR,IndoStar Capital Finance Limited,1.2790148791157412,7.663393046133119,4.554747847165323
HOSE:FTS,FPT Securities Joint Stock Company,1.2945298901569329,7.647566425873204,4.554577702458068
SEHK:69,Shangri-La Asia Limited,1.2767206242419473,7.6546224412877075,4.548706218084337
KLSE:FFB,Farm Fresh Berhad,1.157133424007595,7.76573560801865,4.544079230617106
SET:THANI,Ratchthani Leasing Public Company Limited,1.2520217609844317,7.667229957528336,4.542104106930708
NasdaqGS:RNW,ReNew Energy Global Plc,1.2254921265908154,7.672304312356973,4.5303891060856945
PSE:UBP,Union Bank of the Philippines,1.2281631879450645,7.667349263136564,4.529142004191681
IDX:BELI,PT Global Digital Niaga Tbk,1.0228548415898968,7.86917408953678,4.5272399343961185
SEHK:1992,Fosun Tourism Group,1.2373362230036384,7.650630827470102,4.525022068386152
IDX:MIDI,PT Midi Utama Indonesia Tbk,1.0769595720136576,7.808678765098495,4.523750545499855
NasdaqGS:GRAB,Grab Holdings Limited,1.2568883833353794,7.621592050677778,4.519842190887214
SGX:P34,Delfi Limited,1.2168235526394284,7.659033195265838,4.518409607131878
NSEI:APOLLOTYRE,Apollo Tyres Limited,1.2245170896205413,7.64877008052081,4.517006567587023
IDX:BBCA,PT Bank Central Asia Tbk,1.2605733131542356,7.611387697470929,4.516282458641916
NasdaqGS:MMYT,MakeMyTrip Limited,1.2220723317585487,7.649672133948206,4.516164220895609
IDX:TOBA,PT TBS Energi Utama Tbk,1.0717197111249304,7.797536318438747,4.51480548625733
KLSE:BJFOOD,Berjaya Food Berhad,1.3084257263191488,7.547608469076346,4.507586107083836
SEHK:590,Luk Fook Holdings (International) Limited,1.1828998376278292,7.651767856383491,4.49591958085599
PSE:MBT,Metropolitan Bank & Trust Company,1.182831605413352,7.649013684557127,4.494378493235887
NSEI:PCBL,PCBL Limited,1.178584985987366,7.64877008052081,4.491926743702823
SET:FPT,Frasers Property (Thailand) Public Company Limited,1.0998796681070662,7.70734615462147,4.480935784243462
TWSE:6213,ITEQ Corporation,1.1556166917255253,7.648430839899816,4.479200375350427
IDX:AMRT,PT Sumber Alfaria Trijaya Tbk,1.1522923550259907,7.64877008052081,4.477570454706575
PSE:EW,East West Banking Corporation,1.1513748656039102,7.649245866544545,4.477329276041474
HOSE:ACB,Asia Commercial Joint Stock Bank,1.1407478121496866,7.653710878139298,4.473964681076767
SET:ITC,i-Tail Corporation Public Company Limited,1.1335074955287197,7.64877008052081,4.467313555269888
SEHK:327,PAX Global Technology Limited,1.12814621297375,7.64877008052081,4.464386190493698
PSE:BDO,"BDO Unibank, Inc.",1.0866859277467922,7.673680874038491,4.455349845440651
IDX:BFIN,PT BFI Finance Indonesia Tbk,1.2947972935486334,7.464185876442263,4.454594355511409
PSE:ALI,"Ayala Land, Inc.",1.0937384708606976,7.660540276930867,4.452025649292803
SET:SYNEX,Synnex (Thailand) Public Company Limited,1.103263818171541,7.649115061009812,4.450988283999724
IDX:BMRI,PT Bank Mandiri (Persero) Tbk,1.0077392491576895,7.742127735695007,4.449616740734875
BSE:532163,Saregama India Limited,1.1042151315066366,7.6453517987551445,4.449452905079624
HOSE:MSB,Vietnam Maritime Commercial Joint Stock Bank,1.1188239734168852,7.630170022380082,4.449140071694297
HOSE:BMP,Binh Minh Plastics Joint Stock Company,1.0978761495502014,7.648755645762297,4.447850264186181
BSE:504067,Zensar Technologies Limited,1.0970974838753949,7.648475395985765,4.447272075709557
IDX:MAPA,PT Map Aktif Adiperkasa Tbk,1.0423977707429255,7.7025367797898525,4.446923535454056
SEHK:1970,"IMAX China Holding, Inc.",1.092214349836563,7.652585669315906,4.446850078698146
SEHK:10,Hang Lung Group Limited,1.0832157525520192,7.64950559124533,4.440254886518835
NSEI:ACCELYA,Accelya Solutions India Limited,1.08390069784444,7.648521369732582,4.440091475869098
NSEI:HOMEFIRST,Home First Finance Company India Limited,1.0833743635772302,7.648769950724801,4.439939817167034
IDX:ANTM,PT Aneka Tambang Tbk,1.0815315932677578,7.64877008052081,4.438933699530259
PSE:AGI,"Alliance Global Group, Inc.",1.0786921051697211,7.64876220911388,4.437378985740317
SEHK:6808,Sun Art Retail Group Limited,1.078222911412985,7.64877008052081,4.437127094745307
PSE:TEL,PLDT Inc.,1.0763831444562713,7.648183367942396,4.435802189622615
PSE:CEB,"Cebu Air, Inc.",1.069622589992412,7.653381352028579,4.434948995739058
PSE:AC,Ayala Corporation,1.0723435358943596,7.64785570079898,4.4334175719613365
PSE:WLCON,"Wilcon Depot, Inc.",1.0705896660475454,7.648984243937655,4.433076131389935
IDX:HRTA,PT Hartadinata Abadi Tbk,1.0570525853178367,7.660624782786581,4.432040582555967
IDX:SILO,PT Siloam International Hospitals Tbk,1.0471694424220896,7.666304367757755,4.429745357994138
SET:TRUE,True Corporation Public Company Limited,1.0062705513164447,7.704770828717573,4.428417203722017
SEHK:1888,Kingboard Laminates Holdings Limited,1.0614573696254743,7.64877008052081,4.427972782138335
BSE:500101,Arvind Limited,1.0578776963658818,7.649895703249258,4.426632822714408
IDX:BBTN,PT Bank Tabungan Negara (Persero) Tbk,1.0155277139577008,7.69182598706819,4.426403659103988
IDX:SSIA,PT Surya Semesta Internusa Tbk,1.0284954570485385,7.677893853509331,4.425877083110718
KLSE:INNATURE,InNature Berhad,1.0550847216396086,7.6510775651467515,4.425753123706368
SET:PRM,Prima Marine Public Company Limited,1.0550604093359282,7.64877008052081,4.424479917131818
HOSE:GMD,Gemadept Corporation,1.0561043027395367,7.646588797997775,4.423858880502823
TWSE:6239,Powertech Technology Inc.,1.0503992321665419,7.647297616893883,4.421130829701184
IDX:BRIS,PT Bank Syariah Indonesia Tbk,1.0080270612914612,7.689365657544984,4.420964768670838
HOSE:VNM,Vietnam Dairy Products Joint Stock Company,1.0475993367165741,7.648697083244669,4.420366168116113
PSE:BPI,Bank of the Philippine Islands,1.0445955244400493,7.648786632396468,4.418774923645708
PSE:GTCAP,"GT Capital Holdings, Inc.",1.0423434715252495,7.647866931038218,4.417043083989347
IDX:ERAA,PT Erajaya Swasembada Tbk,1.032671006270244,7.65549755194774,4.4159281971774424
IDX:ARTO,PT Bank Jago Tbk,1.0383821312581634,7.64877008052081,4.415373252211296
PSE:RLC,Robinsons Land Corporation,1.0475993339242196,7.638112374367324,4.41458670922912
SEHK:3899,CIMC Enric Holdings Limited,1.028373324892957,7.656521788128258,4.414140832294588
KOSE:A192820,"Cosmax, Inc.",1.0353141104987211,7.648766126069034,4.413695893867571
SEHK:743,Asia Cement (China) Holdings Corporation,1.0342987471622356,7.648977754137145,4.413257038744771
NSEI:ABCAPITAL,Aditya Birla Capital Limited,1.0271507304367853,7.654572978912573,4.4124091840733115
IDX:ASII,PT Astra International Tbk,1.0038705985375662,7.674931475902991,4.410813914465113
KOSE:A241590,"Hwaseung Enterprise Co., Ltd.",1.0291850922935737,7.64877008052081,4.410351489669564
SEHK:17,New World Development Company Limited,1.0353833071480627,7.640655203676798,4.409304954864046
IDX:CASS,PT Cardig Aero Services Tbk,1.0302985466024048,7.645308853581899,4.40906956005117
NSEI:LEMONTREE,Lemon Tree Hotels Limited,1.0289880077266151,7.645001966779717,4.408186414104421
IDX:KLBF,PT Kalbe Farma Tbk.,1.0243167963377107,7.64877008052081,4.407693305185695
IDX:BBRI,PT Bank Rakyat Indonesia (Persero) Tbk,1.0019211724302726,7.671141288187094,4.407679973442107
SET:TIDLOR,Ngern Tid Lor Public Company Limited,1.0224338440361374,7.64877008052081,4.406665176526861
KLSE:DPHARMA,Duopharma Biotech Berhad,1.0269846484590732,7.644067490308971,4.406582298527537
HOSE:MBB,Military Commercial Joint Stock Bank,1.0103891611349791,7.659616683134488,4.406011001337126
NSEI:CESC,CESC Limited,1.0190960842270034,7.650536719593989,4.40580731398102
NSEI:INDUSINDBK,IndusInd Bank Limited,1.0217967644280537,7.645866086602041,4.404731681359216
SET:KBANK,Kasikornbank Public Company Limited,1.017653575638841,7.64877008052081,4.404055056805786
KOSE:A030200,KT Corporation,1.0167989291244648,7.64867894641551,4.403538642152453
SET:CPALL,CP ALL Public Company Limited,1.0155511024815809,7.64877008052081,4.4029070654808855
HOSE:FRT,FPT Digital Retail Joint Stock Company,1.017476774807366,7.646779875030937,4.4028718291154245
SEHK:522,ASMPT Limited,1.013522312318276,7.64920186858144,4.40203507120434
SEHK:3311,China State Construction International Holdings Limited,1.0133547646737053,7.64877008052081,4.401707822227155
IDX:BBNI,PT Bank Negara Indonesia (Persero) Tbk,1.0046384915818363,7.656373351968805,4.401100101635167
HOSE:HCM,Ho Chi Minh City Securities Corporation,1.0114547812029384,7.648799847072485,4.400686647335392
SEHK:551,Yue Yuen Industrial (Holdings) Limited,1.008806743757876,7.650807877881094,4.400337191236991
IDX:DMAS,PT Puradelta Lestari Tbk,1.0102519123664206,7.64877008052081,4.4000136043871265
KOSE:A009240,"Hanssem Co., Ltd.",1.0095887906639585,7.648748964152128,4.3996399970632325
IDX:CTRA,PT Ciputra Development Tbk,1.0085415097418486,7.64877008052081,4.399079691215242
PSE:CNPF,"Century Pacific Food, Inc.",1.00755939725316,7.649619523298735,4.399007250967191
IDX:JSMR,PT Jasa Marga (Persero) Tbk,1.002906204233202,7.65385635350754,4.39877990875663
HOSE:DGW,Digiworld Corporation,1.0056015006184027,7.648789549922342,4.397485019600431
SET:SGC,SG Capital Public Company Limited,1.0046476649617373,7.64877008052081,4.396953576067164
SGX:C09,City Developments Limited,1.0043699943665025,7.64877008052081,4.39680196250986
SET:SPRC,Star Petroleum Refining Public Company Limited,1.0033081130404307,7.64877008052081,4.396222154607821
NSEI:TECHM,Tech Mahindra Limited,1.0029080394684622,7.648819114569112,4.396030480185498
IDX:PWON,PT Pakuwon Jati Tbk,1.0024745010310963,7.64876956133677,4.3957667027174985
IDX:HRUM,PT Harum Energy Tbk,1.0017087080285993,7.649346951677296,4.395663831191751
IDX:ACES,PT Ace Hardware Indonesia Tbk,1.0016962865329595,7.649346951677296,4.395657048813014
IDX:BTPS,PT Bank BTPN Syariah Tbk,1.0009593501705616,7.649629618543973,4.39540900881381
IDX:SIDO,PT Industri Jamu dan Farmasi Sido Muncul Tbk,1.001636599891819,7.64877008052081,4.395309475847839
IDX:INDF,PT Indofood Sukses Makmur Tbk,1.0016295700046765,7.64877008052081,4.395305637392433
BSE:532215,Axis Bank Limited,1.0012620035307098,7.6489599490089,4.395208610828487
KOSE:A032640,LG Uplus Corp.,1.0012981570345019,7.64877008052081,4.395124679450874
KOSE:A009900,"Myoung Shin Industrial Co.,Ltd",1.00134132493675,7.648726815184074,4.3951246262497445
PSE:FB,"San Miguel Food and Beverage, Inc.",1.0011761942503241,7.648778733588158,4.3950628101368725
SET:CPAXT,CP Axtra Public Company Limited,1.000938823650086,7.64877008052081,4.3949284764189205
NSEI:GLS,Glenmark Life Sciences Limited,1.0007940693411088,7.648772964876593,4.3948510126591716
IDX:ADCP,PT Adhi Commuter Properti Tbk,1.0001313454148069,7.649435501399816,4.394850910333438
IDX:BABP,PT Bank MNC Internasional Tbk,1.0006803715355859,7.648827767636459,4.394818854816272
KLSE:CIMB,CIMB Group Holdings Berhad,1.0011311221648338,7.648359668420885,4.394809382149982
PSE:HOME,AllHome Corp.,1.0006463636699234,7.64877008052081,4.394768787569173
PSE:EMI,Emperador Inc.,1.000116394845273,7.649235024251158,4.394733282600226
IDX:BEER,PT Jobubu Jarum Minahasa TBK,1.0004475789648368,7.64877008052081,4.394660247245518
NSEI:TORNTPOWER,Torrent Power Limited,1.0003721890657542,7.64877008052081,4.394619082891133
NSEI:ABSLAMC,Aditya Birla Sun Life AMC Limited,1.0003594167596184,7.64874371029807,4.3945977103074085
SEHK:1117,China Modern Dairy Holdings Ltd.,1.0002148959506412,7.64877008052081,4.394533197784352
HOSE:SAB,Saigon Beer - Alcohol - Beverage Corporation,1.0000296099250425,7.64877008052081,4.394432028002812
SET:OR,PTT Oil and Retail Business Public Company Limited,1.000013127803854,7.64877008052081,4.394423028443377
IDX:PRDA,PT Prodia Widyahusada Tbk,1.0000046738318984,7.6487712342631236,4.394419042375697
SET:SCGP,SCG Packaging Public Company Limited,1.0000026565427427,7.64877008052081,4.394417310930706
NSEI:SBICARD,SBI Cards and Payment Services Limited,1.0000013126794238,7.64877008052081,4.394416577155139
HOSE:BID,Joint Stock Commercial Bank for Investment and Development of Vietnam,1.0000002115816038,7.64877008052081,4.394415975934267
PSE:FCG,"Figaro Coffee Group, Inc.",1.0000000189272984,7.64877008052081,4.394415870741263
IDX:MAPI,PT. Mitra Adiperkasa Tbk,1.0,7.64877008052081,4.394415860406587
IDX:ADMF,PT Adira Dinamika Multi Finance Tbk,1.0,7.64877008052081,4.394415860406587
KLSE:AIRPORT,Malaysia Airports Holdings Berhad,1.0,7.64877008052081,4.394415860406587
HOSE:VCB,Joint Stock Commercial Bank for Foreign Trade of Vietnam,1.0,7.64877008052081,4.394415860406587
BSE:511218,Shriram Finance Limited,1.0,7.64877008052081,4.394415860406587
IDX:BBYB,PT Bank Neo Commerce Tbk,1.0,7.64877008052081,4.394415860406587
SET:NETBAY,Netbay Public Company Limited,1.0,7.64877008052081,4.394415860406587
HOSE:VRE,Vincom Retail Joint Stock Company,1.0,7.64877008052081,4.394415860406587
IDX:INTP,PT Indocement Tunggal Prakarsa Tbk,1.0,7.64877008052081,4.394415860406587
NYSE:TME,Tencent Music Entertainment Group,1.0,7.64877008052081,4.394415860406587
HNX:IDC,IDICO Corporation - JSC,1.0,7.64877008052081,4.394415860406587
TPEX:5530,Lungyen Life Service Corporation,1.0,7.64877008052081,4.394415860406587
TWSE:6504,"Nan Liu Enterprise Co., Ltd.",1.0,7.64877008052081,4.394415860406587
SET:CPNREIT,CPN Retail Growth Leasehold REIT,1.0,7.64877008052081,4.394415860406587
HOSE:BSI,BIDV Securities Joint Stock Company,1.0,7.64877008052081,4.394415860406587
HOSE:SGN,Saigon Ground Services Joint Stock Company,1.0,7.64877008052081,4.394415860406587
IDX:PANI,PT Pantai Indah Kapuk Dua Tbk,1.0,7.64877008052081,4.394415860406587
TPEX:5289,Innodisk Corporation,1.0,7.64877008052081,4.394415860406587
IDX:MPPA,PT Matahari Putra Prima Tbk,1.0,7.64877008052081,4.394415860406587
SEHK:6110,Topsports International Holdings Limited,1.0,7.64877008052081,4.394415860406587
IDX:SPTO,PT Surya Pertiwi Tbk,1.0,7.64877008052081,4.394415860406587
HOSE:GEG,Gia Lai Electricity Joint Stock Company,1.0669220729628386,7.524826775759065,4.363281156396564
PSE:DNL,"D&L Industries, Inc.",1.1942862050542409,7.377787270409878,4.3525380190888985
IDX:CLEO,PT Sariguna Primatirta Tbk,1.1199608139739725,7.231475907698364,4.2320660509057895
IDX:SMRA,PT Summarecon Agung Tbk,1.166952246284017,7.122967223381745,4.1984764322267445
IDX:ULTJ,PT Ultrajaya Milk Industry & Trading Company Tbk,4.788985984095941,3.140227932517329,4.001524169450889
IDX:BUKA,PT Bukalapak.com Tbk.,1.227282714909867,5.420358623293158,3.301760561451619
IDX:GOTO,PT GoTo Gojek Tokopedia Tbk,1.4321131456799898,1.0,1.0
